sellerName,sellerAddress
Dennis Hopper,"6803 W 159th St, Tinley Park, IL 60477"
Teddy Bonesman,"1201 W 101st Ave, Duluth, MN, 55808"
Frank West,"8215 Broadway, Merrillville, IN 46410"
Charlie Jones,"634 S. West St, New York, NY, 10001"
John Shepard,"5300 W War Memorial Dr, Peoria, IL 61615"
Ewan Dinelli,"Westminster, London SW1A 1AA, UK"
Miles Miller,"1600 Pennsylvania Ave NW, Washington, DC, 20500 "
Toshinori Yagi,"1 Chome-1-83 Shimorenjaku, Mitaka, Tokyo 181-0013, Japan"
Jeff Simmons,"381 Brookview Ln, Bolingbrook, IL 60440"
Travis Touchdown,"201 S Canyon St, West Yellowstone, MT 59758"
Sam Flynn,"6261 Vorlage Dr, Orleans, ON K1C 2E4, Canada"
Jorge Blukas,"1110 Gorgas Ave, San Francisco, CA 94129"
Charlie Jones,"634 S. West St, New York, NY, 10001"
